,importance,bits,group,subgroup
DPRA4: Distribution of 1.00A,0.003953301,DPRA4: Distribution of 1.00A,Transcript-related,CTD descriptors
KMTGA: Transcript k-mer TGA content,0.003615137,KMTGA: Transcript k-mer TGA content,Transcript-related,K-mer (k=3)
KMGCA: Transcript k-mer GCA content,0.003244767,KMGCA: Transcript k-mer GCA content,Transcript-related,K-mer (k=3)
DPRT4: Distribution of 1.00T,0.002995169,DPRT4: Distribution of 1.00T,Transcript-related,CTD descriptors
KMATG: Transcript k-mer ATG content,0.002882448,KMATG: Transcript k-mer ATG content,Transcript-related,K-mer (k=3)
C3UTR: Coverage of 3 untranslated region,0.002608696,C3UTR: Coverage of 3 untranslated region,Transcript-related,UTR related properties
C5UTR: Coverage of 5 untranslated region,0.002447665,C5UTR: Coverage of 5 untranslated region,Transcript-related,UTR related properties
KMCGT: Transcript k-mer CGT content,0.002439614,KMCGT: Transcript k-mer CGT content,Transcript-related,K-mer (k=3)
KMGAC: Transcript k-mer GAC content,0.002133655,KMGAC: Transcript k-mer GAC content,Transcript-related,K-mer (k=3)
KMTAC: Transcript k-mer TAC content,0.002133655,KMTAC: Transcript k-mer TAC content,Transcript-related,K-mer (k=3)
KMCGA: Transcript k-mer CGA content,0.002020934,KMCGA: Transcript k-mer CGA content,Transcript-related,K-mer (k=3)
KMTTG: Transcript k-mer TTG content,0.002012882,KMTTG: Transcript k-mer TTG content,Transcript-related,K-mer (k=3)
DPRG4: Distribution of 1.00G,0.001972625,DPRG4: Distribution of 1.00G,Transcript-related,CTD descriptors
KMGAT: Transcript k-mer GAT content,0.001827697,KMGAT: Transcript k-mer GAT content,Transcript-related,K-mer (k=3)
KMAGC: Transcript k-mer AGC content,0.001755233,KMAGC: Transcript k-mer AGC content,Transcript-related,K-mer (k=3)
ORFEP: Entropy density P on ORF,0.001747182,ORFEP: Entropy density P on ORF,ORF-related,EDP scores on ORF
KMGGT: Transcript k-mer GGT content,0.001602254,KMGGT: Transcript k-mer GGT content,Transcript-related,K-mer (k=3)
TraEP: Entropy density P on transcript,0.001586151,TraEP: Entropy density P on transcript,Transcript-related,EDP scores on transcript
KMCCC: Transcript k-mer CCC content,0.0015781,KMCCC: Transcript k-mer CCC content,Transcript-related,K-mer (k=3)
TraEW: Entropy density W on transcript,0.001570048,TraEW: Entropy density W on transcript,Transcript-related,EDP scores on transcript
KMCCT: Transcript k-mer CCT content,0.001570048,KMCCT: Transcript k-mer CCT content,Transcript-related,K-mer (k=3)
KMTTC: Transcript k-mer TTC content,0.001561997,KMTTC: Transcript k-mer TTC content,Transcript-related,K-mer (k=3)
TraEM: Entropy density M on transcript,0.001529791,TraEM: Entropy density M on transcript,Transcript-related,EDP scores on transcript
KMACA: Transcript k-mer ACA content,0.001513688,KMACA: Transcript k-mer ACA content,Transcript-related,K-mer (k=3)
KMGTT: Transcript k-mer GTT content,0.001489533,KMGTT: Transcript k-mer GTT content,Transcript-related,K-mer (k=3)
KMTCC: Transcript k-mer TCC content,0.001409018,KMTCC: Transcript k-mer TCC content,Transcript-related,K-mer (k=3)
KMCTG: Transcript k-mer CTG content,0.001400966,KMCTG: Transcript k-mer CTG content,Transcript-related,K-mer (k=3)
TraTG: Transition between T and G,0.001400966,TraTG: Transition between T and G,Transcript-related,CTD descriptors
TraAC: Transition between A and C,0.001392915,TraAC: Transition between A and C,Transcript-related,CTD descriptors
KMTGC: Transcript k-mer TGC content,0.001360709,KMTGC: Transcript k-mer TGC content,Transcript-related,K-mer (k=3)
KMCAG: Transcript k-mer CAG content,0.001272142,KMCAG: Transcript k-mer CAG content,Transcript-related,K-mer (k=3)
TraEC: Entropy density C on transcript,0.00126409,TraEC: Entropy density C on transcript,Transcript-related,EDP scores on transcript
TraTC: Transition between T and C,0.001207729,TraTC: Transition between T and C,Transcript-related,CTD descriptors
KMGGG: Transcript k-mer GGG content,0.001183575,KMGGG: Transcript k-mer GGG content,Transcript-related,K-mer (k=3)
DPRC4: Distribution of 1.00C,0.001183575,DPRC4: Distribution of 1.00C,Transcript-related,CTD descriptors
ComRC: Composition of C,0.00115942,ComRC: Composition of C,Transcript-related,CTD descriptors
KMCAA: Transcript k-mer CAA content,0.00115942,KMCAA: Transcript k-mer CAA content,Transcript-related,K-mer (k=3)
KMGGC: Transcript k-mer GGC content,0.001143317,KMGGC: Transcript k-mer GGC content,Transcript-related,K-mer (k=3)
GCCoW: GC content of whole sequence,0.001143317,GCCoW: GC content of whole sequence,GC-related,GC content properties
KMTAG: Transcript k-mer TAG content,0.001111111,KMTAG: Transcript k-mer TAG content,Transcript-related,K-mer (k=3)
GCCo1: GC content of 1st position of codons,0.001095008,GCCo1: GC content of 1st position of codons,GC-related,GC content properties
TraAG: Transition between A and G,0.001062802,TraAG: Transition between A and G,Transcript-related,CTD descriptors
KMTGG: Transcript k-mer TGG content,0.001046699,KMTGG: Transcript k-mer TGG content,Transcript-related,K-mer (k=3)
GCCo2: GC content of 2nd position of codons,0.00099839,GCCo2: GC content of 2nd position of codons,GC-related,GC content properties
TraEF: Entropy density F on transcript,0.000974235,TraEF: Entropy density F on transcript,Transcript-related,EDP scores on transcript
SLDRN: Structural logarithm distance acguACGU ratio,0.000966184,SLDRN: Structural logarithm distance acguACGU ratio,Secondary-structure,Multi-scale secondary scores
TraEN: Entropy density N on transcript,0.000958132,TraEN: Entropy density N on transcript,Transcript-related,EDP scores on transcript
ComRG: Composition of G,0.000950081,ComRG: Composition of G,Transcript-related,CTD descriptors
KMCAC: Transcript k-mer CAC content,0.000933977,KMCAC: Transcript k-mer CAC content,Transcript-related,K-mer (k=3)
KMGCC: Transcript k-mer GCC content,0.000933977,KMGCC: Transcript k-mer GCC content,Transcript-related,K-mer (k=3)
ProII: Pseudo protein instability index,0.000933977,ProII: Pseudo protein instability index,Physicochemical-property,Pseudo-protein properties
TraAT: Transition between A and T,0.000901771,TraAT: Transition between A and T,Transcript-related,CTD descriptors
ORFES: Entropy density S on ORF,0.00089372,ORFES: Entropy density S on ORF,ORF-related,EDP scores on ORF
ORFEV: Entropy density V on ORF,0.000885668,ORFEV: Entropy density V on ORF,ORF-related,EDP scores on ORF
ORFEI: Entropy density I on ORF,0.000885668,ORFEI: Entropy density I on ORF,ORF-related,EDP scores on ORF
ORFIn: ORF integrity,0.000869565,ORFIn: ORF integrity,ORF-related,Basic ORF properties
ORFEA: Entropy density A on ORF,0.000869565,ORFEA: Entropy density A on ORF,ORF-related,EDP scores on ORF
KMGTC: Transcript k-mer GTC content,0.000861514,KMGTC: Transcript k-mer GTC content,Transcript-related,K-mer (k=3)
ORFEC: Entropy density C on ORF,0.000861514,ORFEC: Entropy density C on ORF,ORF-related,EDP scores on ORF
KMCTA: Transcript k-mer CTA content,0.000861514,KMCTA: Transcript k-mer CTA content,Transcript-related,K-mer (k=3)
KMAAT: Transcript k-mer AAT content,0.000861514,KMAAT: Transcript k-mer AAT content,Transcript-related,K-mer (k=3)
DPRC3: Distribution of 0.75C,0.000845411,DPRC3: Distribution of 0.75C,Transcript-related,CTD descriptors
TraEA: Entropy density A on transcript,0.000845411,TraEA: Entropy density A on transcript,Transcript-related,EDP scores on transcript
TraET: Entropy density T on transcript,0.000837359,TraET: Entropy density T on transcript,Transcript-related,EDP scores on transcript
KMCTC: Transcript k-mer CTC content,0.000837359,KMCTC: Transcript k-mer CTC content,Transcript-related,K-mer (k=3)
EucDist.Ratio,0.000821256,EucDist.Ratio,Transcript-related,Hexamer scores on transcript
ORFEE: Entropy density E on ORF,0.000805153,ORFEE: Entropy density E on ORF,ORF-related,EDP scores on ORF
TraEL: Entropy density L on transcript,0.000805153,TraEL: Entropy density L on transcript,Transcript-related,EDP scores on transcript
KMGTG: Transcript k-mer GTG content,0.000805153,KMGTG: Transcript k-mer GTG content,Transcript-related,K-mer (k=3)
KMGCG: Transcript k-mer GCG content,0.000805153,KMGCG: Transcript k-mer GCG content,Transcript-related,K-mer (k=3)
ORFET: Entropy density T on ORF,0.000797101,ORFET: Entropy density T on ORF,ORF-related,EDP scores on ORF
KMCAT: Transcript k-mer CAT content,0.00078905,KMCAT: Transcript k-mer CAT content,Transcript-related,K-mer (k=3)
TraEH: Entropy density H on transcript,0.000780998,TraEH: Entropy density H on transcript,Transcript-related,EDP scores on transcript
ComRT: Composition of T,0.000740741,ComRT: Composition of T,Transcript-related,CTD descriptors
ORFED: Entropy density D on ORF,0.000740741,ORFED: Entropy density D on ORF,ORF-related,EDP scores on ORF
KMAGG: Transcript k-mer AGG content,0.000724638,KMAGG: Transcript k-mer AGG content,Transcript-related,K-mer (k=3)
ORFEH: Entropy density H on ORF,0.000716586,ORFEH: Entropy density H on ORF,ORF-related,EDP scores on ORF
TraEY: Entropy density Y on transcript,0.000700483,TraEY: Entropy density Y on transcript,Transcript-related,EDP scores on transcript
TraGC: Transition between G and C,0.000692432,TraGC: Transition between G and C,Transcript-related,CTD descriptors
TraER: Entropy density R on transcript,0.00068438,TraER: Entropy density R on transcript,Transcript-related,EDP scores on transcript
KMGAA: Transcript k-mer GAA content,0.000676329,KMGAA: Transcript k-mer GAA content,Transcript-related,K-mer (k=3)
KMTTT: Transcript k-mer TTT content,0.000676329,KMTTT: Transcript k-mer TTT content,Transcript-related,K-mer (k=3)
ORFEF: Entropy density F on ORF,0.000676329,ORFEF: Entropy density F on ORF,ORF-related,EDP scores on ORF
ORFEL: Entropy density L on ORF,0.000676329,ORFEL: Entropy density L on ORF,ORF-related,EDP scores on ORF
nMFE,0.000676329,nMFE,Secondary-structure,Secondary structure descriptors
TraEV: Entropy density V on transcript,0.000668277,TraEV: Entropy density V on transcript,Transcript-related,EDP scores on transcript
GCCo3: GC content of 3rd position of codons,0.000644122,GCCo3: GC content of 3rd position of codons,GC-related,GC content properties
KMACT: Transcript k-mer ACT content,0.000628019,KMACT: Transcript k-mer ACT content,Transcript-related,K-mer (k=3)
ORFEQ: Entropy density Q on ORF,0.000628019,ORFEQ: Entropy density Q on ORF,ORF-related,EDP scores on ORF
KMCTT: Transcript k-mer CTT content,0.000619968,KMCTT: Transcript k-mer CTT content,Transcript-related,K-mer (k=3)
KMCGG: Transcript k-mer CGG content,0.000619968,KMCGG: Transcript k-mer CGG content,Transcript-related,K-mer (k=3)
KMAAC: Transcript k-mer AAC content,0.000611916,KMAAC: Transcript k-mer AAC content,Transcript-related,K-mer (k=3)
TraEE: Entropy density E on transcript,0.000603865,TraEE: Entropy density E on transcript,Transcript-related,EDP scores on transcript
KMGAG: Transcript k-mer GAG content,0.000595813,KMGAG: Transcript k-mer GAG content,Transcript-related,K-mer (k=3)
KMCCA: Transcript k-mer CCA content,0.000595813,KMCCA: Transcript k-mer CCA content,Transcript-related,K-mer (k=3)
DPRG1: Distribution of 0.25G,0.000595813,DPRG1: Distribution of 0.25G,Transcript-related,CTD descriptors
DPRC1: Distribution of 0.25C,0.00057971,DPRC1: Distribution of 0.25C,Transcript-related,CTD descriptors
EucDist.Ratio_orf,0.000555556,EucDist.Ratio_orf,ORF-related,Hexamer scores on ORF
KMTGT: Transcript k-mer TGT content,0.000555556,KMTGT: Transcript k-mer TGT content,Transcript-related,K-mer (k=3)
KMACC: Transcript k-mer ACC content,0.000555556,KMACC: Transcript k-mer ACC content,Transcript-related,K-mer (k=3)
TraEG: Entropy density G on transcript,0.000555556,TraEG: Entropy density G on transcript,Transcript-related,EDP scores on transcript
EucDist.LNC,0.000547504,EucDist.LNC,Transcript-related,Hexamer scores on transcript
EucDist.PCT,0.000547504,EucDist.PCT,Transcript-related,Hexamer scores on transcript
SFPUS: Secondary structural UP frequency paired-unpaired,0.000539452,SFPUS: Secondary structural UP frequency paired-unpaired,Secondary-structure,Secondary structure descriptors
ProPI: Pseudo protein isoelectric point,0.000539452,ProPI: Pseudo protein isoelectric point,Physicochemical-property,Pseudo-protein properties
KMCCG: Transcript k-mer CCG content,0.000523349,KMCCG: Transcript k-mer CCG content,Transcript-related,K-mer (k=3)
KMATT: Transcript k-mer ATT content,0.000515298,KMATT: Transcript k-mer ATT content,Transcript-related,K-mer (k=3)
ProAH: Pseudo protein average hydropathy,0.000507246,ProAH: Pseudo protein average hydropathy,Physicochemical-property,Pseudo-protein properties
KMAGT: Transcript k-mer AGT content,0.000507246,KMAGT: Transcript k-mer AGT content,Transcript-related,K-mer (k=3)
DPRT2: Distribution of 0.50T,0.000483092,DPRT2: Distribution of 0.50T,Transcript-related,CTD descriptors
TraES: Entropy density S on transcript,0.000466989,TraES: Entropy density S on transcript,Transcript-related,EDP scores on transcript
LogDist.LNC,0.000466989,LogDist.LNC,Transcript-related,Hexamer scores on transcript
ORFEG: Entropy density G on ORF,0.000458937,ORFEG: Entropy density G on ORF,ORF-related,EDP scores on ORF
KMACG: Transcript k-mer ACG content,0.000458937,KMACG: Transcript k-mer ACG content,Transcript-related,K-mer (k=3)
KMATA: Transcript k-mer ATA content,0.000458937,KMATA: Transcript k-mer ATA content,Transcript-related,K-mer (k=3)
TraEQ: Entropy density Q on transcript,0.000450886,TraEQ: Entropy density Q on transcript,Transcript-related,EDP scores on transcript
LogDist.PCT,0.000426731,LogDist.PCT,Transcript-related,Hexamer scores on transcript
ORFCo: ORF coverage,0.00041868,ORFCo: ORF coverage,ORF-related,Basic ORF properties
ORFEN: Entropy density N on ORF,0.00041868,ORFEN: Entropy density N on ORF,ORF-related,EDP scores on ORF
KMTCA: Transcript k-mer TCA content,0.000410628,KMTCA: Transcript k-mer TCA content,Transcript-related,K-mer (k=3)
ORFEK: Entropy density K on ORF,0.000410628,ORFEK: Entropy density K on ORF,ORF-related,EDP scores on ORF
PPMFS: Pseudo protein PI-MW frame score,0.000410628,PPMFS: Pseudo protein PI-MW frame score,Physicochemical-property,Pseudo-protein properties
TraEI: Entropy density I on transcript,0.000410628,TraEI: Entropy density I on transcript,Transcript-related,EDP scores on transcript
LogDist.PCT_orf,0.000394525,LogDist.PCT_orf,ORF-related,Hexamer scores on ORF
DPRG2: Distribution of 0.50G,0.000386473,DPRG2: Distribution of 0.50G,Transcript-related,CTD descriptors
KMCGC: Transcript k-mer CGC content,0.000386473,KMCGC: Transcript k-mer CGC content,Transcript-related,K-mer (k=3)
SDMFE: Secondary structural minimum free energy,0.000378422,SDMFE: Secondary structural minimum free energy,Secondary-structure,Secondary structure descriptors
KMTTA: Transcript k-mer TTA content,0.000362319,KMTTA: Transcript k-mer TTA content,Transcript-related,K-mer (k=3)
ORFEW: Entropy density W on ORF,0.000354267,ORFEW: Entropy density W on ORF,ORF-related,EDP scores on ORF
LogDist.LNC_orf,0.000346216,LogDist.LNC_orf,ORF-related,Hexamer scores on ORF
ComRA: Composition of A,0.000330113,ComRA: Composition of A,Transcript-related,CTD descriptors
DPRC2: Distribution of 0.50C,0.000330113,DPRC2: Distribution of 0.50C,Transcript-related,CTD descriptors
SCCFS: Stop codon count frame score,0.00031401,SCCFS: Stop codon count frame score,Codon related,Stop codon related properties
KMGTA: Transcript k-mer GTA content,0.000297907,KMGTA: Transcript k-mer GTA content,Transcript-related,K-mer (k=3)
DPRT0: Distribution of 0.00T,0.000297907,DPRT0: Distribution of 0.00T,Transcript-related,CTD descriptors
KMTCG: Transcript k-mer TCG content,0.000289855,KMTCG: Transcript k-mer TCG content,Transcript-related,K-mer (k=3)
DPRT3: Distribution of 0.75T,0.000289855,DPRT3: Distribution of 0.75T,Transcript-related,CTD descriptors
TraED: Entropy density D on transcript,0.000281804,TraED: Entropy density D on transcript,Transcript-related,EDP scores on transcript
EucDist.LNC_orf,0.000281804,EucDist.LNC_orf,ORF-related,Hexamer scores on ORF
L3UTR: Length of 3 untranslated region,0.000281804,L3UTR: Length of 3 untranslated region,Transcript-related,UTR related properties
SLDLN: Structural logarithm distance to lncRNA of acguACGU,0.000273752,SLDLN: Structural logarithm distance to lncRNA of acguACGU,Secondary-structure,Multi-scale secondary scores
KMTCT: Transcript k-mer TCT content,0.0002657,KMTCT: Transcript k-mer TCT content,Transcript-related,K-mer (k=3)
KMAGA: Transcript k-mer AGA content,0.000241546,KMAGA: Transcript k-mer AGA content,Transcript-related,K-mer (k=3)
FickS: Fickett score,0.000233494,FickS: Fickett score,Codon related,Fickett score
EiPS2: Electron-ion interaction pseudopotential spectrum 0.5,0.000233494,EiPS2: Electron-ion interaction pseudopotential spectrum 0.5,Physicochemical-property,EIIP spectrum scores
EipAP: Electron-ion interaction pseudopotential average power,0.000233494,EipAP: Electron-ion interaction pseudopotential average power,Physicochemical-property,EIIP spectrum scores
EiPS0: Electron-ion interaction pseudopotential spectrum 0,0.000217391,EiPS0: Electron-ion interaction pseudopotential spectrum 0,Physicochemical-property,EIIP spectrum scores
LogDist.Ratio,0.000217391,LogDist.Ratio,Transcript-related,Hexamer scores on transcript
DPRT1: Distribution of 0.25T,0.00020934,DPRT1: Distribution of 0.25T,Transcript-related,CTD descriptors
EiPS1: Electron-ion interaction pseudopotential spectrum 0.25,0.000201288,EiPS1: Electron-ion interaction pseudopotential spectrum 0.25,Physicochemical-property,EIIP spectrum scores
EiPS3: Electron-ion interaction pseudopotential spectrum 0.75,0.000193237,EiPS3: Electron-ion interaction pseudopotential spectrum 0.75,Physicochemical-property,EIIP spectrum scores
DPRG3: Distribution of 0.75G,0.000193237,DPRG3: Distribution of 0.75G,Transcript-related,CTD descriptors
EiSNR: Electron-ion interaction pseudopotential signal/noise ratio,0.000193237,EiSNR: Electron-ion interaction pseudopotential signal/noise ratio,Physicochemical-property,EIIP spectrum scores
EipSP: Electron-ion interaction pseudopotential signal peak,0.000185185,EipSP: Electron-ion interaction pseudopotential signal peak,Physicochemical-property,EIIP spectrum scores
EucDist.PCT_orf,0.000185185,EucDist.PCT_orf,ORF-related,Hexamer scores on ORF
ORFEY: Entropy density Y on ORF,0.000185185,ORFEY: Entropy density Y on ORF,ORF-related,EDP scores on ORF
TrLen: Transcript length,0.000177134,TrLen: Transcript length,Transcript-related,Basic transcript property
KMAAG: Transcript k-mer AAG content,0.000152979,KMAAG: Transcript k-mer AAG content,Transcript-related,K-mer (k=3)
SCFFS: Stop codon frequency frame score,0.000144928,SCFFS: Stop codon frequency frame score,Codon related,Stop codon related properties
ORFEM: Entropy density M on ORF,0.000144928,ORFEM: Entropy density M on ORF,ORF-related,EDP scores on ORF
SCFre: Stop codon frequency,0.000144928,SCFre: Stop codon frequency,Codon related,Stop codon related properties
SLDLD: Structural logarithm distance to lncRNA of acguD,0.000136876,SLDLD: Structural logarithm distance to lncRNA of acguD,Secondary-structure,Multi-scale secondary scores
TraEK: Entropy density K on transcript,0.000136876,TraEK: Entropy density K on transcript,Transcript-related,EDP scores on transcript
DPRA1: Distribution of 0.25A,0.000128824,DPRA1: Distribution of 0.25A,Transcript-related,CTD descriptors
EiPS4: Electron-ion interaction pseudopotential spectrum 1,0.000128824,EiPS4: Electron-ion interaction pseudopotential spectrum 1,Physicochemical-property,EIIP spectrum scores
SLDPD: Structural logarithm distance to pcRNA of acguD,0.000128824,SLDPD: Structural logarithm distance to pcRNA of acguD,Secondary-structure,Multi-scale secondary scores
SCCou: Stop codon count,0.000112721,SCCou: Stop codon count,Codon related,Stop codon related properties
L5UTR: Length of 5 untranslated region,0.00010467,L5UTR: Length of 5 untranslated region,Transcript-related,UTR related properties
KMATC: Transcript k-mer ATC content,9.66184e-05,KMATC: Transcript k-mer ATC content,Transcript-related,K-mer (k=3)
DPRC0: Distribution of 0.00C,8.85668e-05,DPRC0: Distribution of 0.00C,Transcript-related,CTD descriptors
LORFL: Longest ORF length,8.05153e-05,LORFL: Longest ORF length,ORF-related,Basic ORF properties
KMTAA: Transcript k-mer TAA content,6.44122e-05,KMTAA: Transcript k-mer TAA content,Transcript-related,K-mer (k=3)
KMAAA: Transcript k-mer AAA content,6.44122e-05,KMAAA: Transcript k-mer AAA content,Transcript-related,K-mer (k=3)
ORFFS: ORF frame score,3.22061e-05,ORFFS: ORF frame score,ORF-related,Basic ORF properties
ORFER: Entropy density R on ORF,3.22061e-05,ORFER: Entropy density R on ORF,ORF-related,EDP scores on ORF
SLDPN: Structural logarithm distance to pcRNA of acguACGU,3.22061e-05,SLDPN: Structural logarithm distance to pcRNA of acguACGU,Secondary-structure,Multi-scale secondary scores
DPRA3: Distribution of 0.75A,8.05153e-06,DPRA3: Distribution of 0.75A,Transcript-related,CTD descriptors
TraHS: Hexamer score on transcript,0.0,TraHS: Hexamer score on transcript,Transcript-related,Hexamer scores on transcript
Hexamer.Score_orf,0.0,Hexamer.Score_orf,ORF-related,Hexamer scores on ORF
DPRG0: Distribution of 0.00G,-8.05153e-06,DPRG0: Distribution of 0.00G,Transcript-related,CTD descriptors
KMTAT: Transcript k-mer TAT content,-1.61031e-05,KMTAT: Transcript k-mer TAT content,Transcript-related,K-mer (k=3)
ProMW: Pseudo protein molecular weight,-2.41546e-05,ProMW: Pseudo protein molecular weight,Physicochemical-property,Pseudo-protein properties
DPRA2: Distribution of 0.50A,-3.22061e-05,DPRA2: Distribution of 0.50A,Transcript-related,CTD descriptors
GCC1V: GCCo1 variance frame score,-5.63607e-05,GCC1V: GCCo1 variance frame score,GC-related,GC content properties
DPRA0: Distribution of 0.00A,-6.44122e-05,DPRA0: Distribution of 0.00A,Transcript-related,CTD descriptors
LogDist.Ratio_orf,-0.00010467,LogDist.Ratio_orf,ORF-related,Hexamer scores on ORF
GCC2V: GCCo2 variance frame score,-0.000128824,GCC2V: GCCo2 variance frame score,GC-related,GC content properties
GCC3V: GCCo3 variance frame score,-0.000144928,GCC3V: GCCo3 variance frame score,GC-related,GC content properties
KMGCT: Transcript k-mer GCT content,-0.000177134,KMGCT: Transcript k-mer GCT content,Transcript-related,K-mer (k=3)
SLDRD: Structural logarithm distance acguD ratio,-0.000201288,SLDRD: Structural logarithm distance acguD ratio,Secondary-structure,Multi-scale secondary scores
KMGGA: Transcript k-mer GGA content,-0.00020934,KMGGA: Transcript k-mer GGA content,Transcript-related,K-mer (k=3)
